Rank,Domain,Political,Political_Type,Specificity,dots,comment
1,google.com,rarely,,,1,
2,youtube.com,potentially,general,social,1,kodujemy tutuł i opis video które trafi do próby badawczej?
3,facebook.com,rarely,,,1,
4,google.pl,rarely,,,1,
5,allegro.pl,rarely,,,1,
6,wikipedia.org,rarely,,,1,
7,onet.pl,potentially,general,newsnat,1,
8,wp.pl,potentially,general,newsnat,1,
9,olx.pl,rarely,,,1,
10,interia.pl,potentially,general,newsnat,1,
11,vk.com,rarely,,,1,
12,instagram.com,rarely,,,1,
13,aliexpress.com,rarely,,,1,
14,wiocha.pl,rarely,,,1,
15,gazeta.pl,mostly,general,newsnat,1,
16,ceneo.pl,rarely,,,1,
17,otomoto.pl,rarely,,,1,
18,filmweb.pl,rarely,,,1,
19,o2.pl,potentially,general,newsnat,1,
20,cda.pl,rarely,,,1,
21,netflix.com,rarely,,,1,
22,wykop.pl,potentially,general,newsnat,1,
23,gumtree.pl,rarely,,,1,
24,twitter.com,rarely,,,1,
25,twitch.tv,rarely,narrow,social,1,raczej streaming gier - tu chyba nie będzie nic politycznego?
26,pornhub.com,rarely,,,1,
27,ipko.pl,rarely,,,1,
28,librus.pl,rarely,,,1,
29,mbank.pl,rarely,,,1,
30,bongacams.com,rarely,,,1,
31,blogspot.com,rarely,,,1,
32,tvn24.pl,mostly,general,newsnat,1,
33,yandex.ru,rarely,,,1,
34,centrum24.pl,rarely,,,1,
35,wyborcza.pl,mostly,general,newsnat,1,
36,yahoo.com,rarely,,,1,
37,reddit.com,rarely,general,social,1,
38,money.pl,potentially,narrow,newsnat,1,
39,vulcan.net.pl,rarely,,,2,
40,chomikuj.pl,rarely,,,1,
41,google.ru,rarely,,,1,
42,xvideos.com,rarely,,,1,
43,microsoft.com,rarely,,,1,
44,tvp.pl,mostly,general,newsnat,1,
45,booking.com,rarely,,,1,
46,linkedin.com,rarely,,,1,
47,mail.ru,rarely,,,1,
48,pekao24.pl,rarely,,,1,
49,google.com.ua,rarely,,,2,
50,fbcdn.net,rarely,,,1,
51,pracuj.pl,rarely,,,1,
52,xhamster.com,rarely,,,1,
53,github.com,rarely,,,1,
54,stackoverflow.com,rarely,narrow,,1,an IT site
55,pudelek.pl,rarely,narrow,,1,celebrity news site
56,live.com,rarely,,,1,
57,joemonster.org,potentially,general,satire,1,
58,otodom.pl,rarely,,,1,
59,bankmillennium.pl,rarely,,,1,
60,zalukaj.com,rarely,,,1,
61,euro.com.pl,rarely,,,2,
62,fili.cc,rarely,,,1,
63,demotywatory.pl,potentially,general,satire,1,
64,businessinsider.com.pl,potentially,narrow,,2,
65,elektroda.pl,rarely,,,1,
66,amazon.com,rarely,,,1,
67,roblox.com,rarely,,,1,
68,fakt.pl,mostly,general,newsnat,1,
69,naszemiasto.pl,mostly,general,newsreg,1,
70,wordpress.com,rarely,,,1,
71,livejasmin.com,rarely,,,1,
72,dobreprogramy.pl,rarely,,,1,
73,sport.pl,rarely,,,1,
74,microsoftonline.com,rarely,,,1,
75,ingbank.pl,rarely,,,1,
76,office.com,rarely,,,1,
77,brainly.pl,rarely,,,1,
78,gemius.pl,rarely,narrow,,1,IT business
79,imdb.com,rarely,,,1,
80,pinterest.com,rarely,general,social,1,
81,pomponik.pl,rarely,narrow,,1,celebrity nwes
82,sprzedajemy.pl,rarely,,,1,
83,komputerswiat.pl,rarely,,,1,
84,empik.com,rarely,,,1,
85,bab.la,rarely,,,1,
86,aliorbank.pl,rarely,,,1,
87,mediaexpert.pl,rarely,,,1,
88,imgur.com,rarely,general,social,1,
89,gemius.com,rarely,,,1,
90,jbzdy.pl,rarely,general,satire,1,"site with jokes, info, cars, etc."
91,wikia.com,rarely,,,1,
92,xnxx.com,rarely,,,1,
93,sciaga.pl,rarely,,,1,
94,ing.pl,rarely,,,1,
95,vod.pl,rarely,,,1,
96,zalando.pl,rarely,,,1,
97,t.co,rarely,,,1,
98,9gag.com,rarely,,,1,
99,messenger.com,rarely,,,1,
100,datezone.com,rarely,,,1,
101,exosrv.com,rarely,,,1,
102,x-kom.pl,rarely,,,1,
103,poradnikzdrowie.pl,rarely,narrow,,1,health
104,krakow.pl,potentially,general,newsreg,1,
105,adobe.com,rarely,,,1,
106,steamcommunity.com,rarely,,,1,
107,flashscore.pl,rarely,,,1,
108,home.pl,rarely,,,1,
109,abczdrowie.pl,rarely,narrow,,1,health
110,googleusercontent.com,rarely,,,1,
111,pwn.pl,rarely,,,1,
112,gry-online.pl,rarely,,,1,
113,platnosci.pl,rarely,,,1,
114,fandom.com,rarely,,,1,
115,morele.net,rarely,,,1,
116,plejada.pl,rarely,narrow,,1,celebrity
117,kinopoisk.ru,rarely,,,1,
118,ikea.com,rarely,,,1,
119,payu.com,rarely,,,1,
120,tumblr.com,rarely,general,social,1,
121,mediamarkt.pl,rarely,,,1,
122,plotek.pl,rarely,narrow,,1,celebrity
123,play.pl,rarely,,,1,
124,poczta-polska.pl,rarely,,,1,
125,spotify.com,rarely,,,1,
126,teleman.pl,rarely,,,1,
127,steampowered.com,rarely,,,1,
128,soundcloud.com,rarely,,,1,
129,meteo.pl,rarely,,,1,
130,polki.pl,rarely,narrow,,1,celebrity
131,przelewy24.pl,rarely,,,1,
132,discordapp.com,rarely,,,1,
133,hbogo.pl,rarely,,,1,
134,se.pl,mostly,general,newsnat,1,
135,thestartmagazine.com,rarely,general,,1,"international, various updates"
136,santander.pl,rarely,,,1,
137,wpolityce.pl,mostly,general,newsnat,1,
138,poznan.pl,potentially,general,newsreg,1,
139,natemat.pl,potentially,general,newsnat,1,
140,niezalezna.pl,mostly,general,newsnat,1,
141,infor.pl,rarely,narrow,,1,"taxes, law, business"
142,lotto.pl,rarely,,,1,
143,bankier.pl,potentially,narrow,,1,banking
144,olx.ua,rarely,,,1,
145,tekstowo.pl,rarely,,,1,
146,reverso.net,rarely,,,1,
147,player.pl,rarely,,,1,
148,msn.com,rarely,,,1,
149,lubimyczytac.pl,rarely,general,,1,"reading site, books"
150,kwejk.pl,rarely,general,satire,1,jokes
151,orange.pl,rarely,,,1,
152,redtube.com,rarely,,,1,
153,trojmiasto.pl,potentially,general,newsreg,1,
154,autokult.pl,rarely,,,1,
155,gry.pl,rarely,,,1,
156,rp.pl,mostly,general,newsnat,1,
157,erodate.pl,rarely,,,1,
158,chaturbate.com,rarely,,,1,
159,txxx.com,rarely,,,1,
160,biedronka.pl,rarely,,,1,
161,inpost.pl,rarely,,,1,
162,rozklad-pkp.pl,rarely,,,1,
163,ebay.com,rarely,,,1,
164,hdrezka.ag,rarely,,,1,
165,auto-swiat.pl,rarely,narrow,,1,"cars and also politics, national"
166,wiktionary.org,rarely,,,1,
167,telemagazyn.pl,rarely,,,1,
168,paypal.com,rarely,,,1,
169,przegladsportowy.pl,rarely,narrow,,1,"sports, very rarely politics"
170,doz.pl,rarely,,,1,
171,popads.net,rarely,,,1,
172,seasonvar.ru,rarely,,,1,
173,nazwa.pl,rarely,,,1,
174,factaholics.com,rarely,,,1,
175,castorama.pl,rarely,,,1,
176,gratka.pl,rarely,,,1,
177,gamepedia.com,rarely,,,1,
178,ok.ru,rarely,,,1,
179,bgzbnpparibas.pl,rarely,,,1,
180,benchmark.pl,rarely,,,1,
181,jakdojade.pl,rarely,,,1,
182,apple.com,rarely,,,1,
183,poczta.home.pl,rarely,,,2,
184,shinden.pl,rarely,,,1,
185,pyszne.pl,rarely,,,1,
186,lidl.pl,rarely,,,1,
187,dropbox.com,rarely,,,1,
188,hm.com,rarely,,,1,
189,amazon.de,rarely,,,1,
190,eblik.pl,rarely,,,1,
191,eobuwie.com.pl,rarely,,,2,
192,roksa.pl,rarely,,,1,
193,pepper.pl,rarely,,,1,
194,pkobp.pl,rarely,,,1,
195,uw.edu.pl,rarely,,,2,
196,intercity.pl,rarely,,,1,
197,rarbgmirror.org,rarely,,,1,
198,rutracker.org,rarely,,,1,
199,komputronik.pl,rarely,,,1,
200,targeo.pl,rarely,,,1,
201,ukr.net,rarely,,,1,
202,wbijam.pl,rarely,,,1,
203,radiozet.pl,mostly,general,newsnat,1,
204,showup.tv,rarely,,,1,
205,skapiec.pl,rarely,,,1,
206,stackexchange.com,rarely,,,1,
207,tvp.info,mostly,general,newsnat,1,
208,reserved.com,rarely,,,1,
209,gearbest.com,rarely,,,1,
210,znanylekarz.pl,rarely,,,1,
211,mp.pl,rarely,narrow,,1,"medicine, health"
212,deviantart.com,rarely,,,1,
213,exsite24.pl,rarely,,,1,
214,gazetawroclawska.pl,potentially,general,newsreg,1,
215,kinokrad.co,rarely,,,1,
216,wetransfer.com,rarely,,,1,
217,wikimedia.org,rarely,general,social?,1,
218,sex.com,rarely,,,1,
219,diki.pl,rarely,,,1,
220,spidersweb.pl,rarely,,,1,
221,ekino-tv.pl,rarely,,,1,
222,tradedoubler.com,rarely,,,1,
223,tripadvisor.com,rarely,,,1,
224,vimeo.com,rarely,,,1,
225,uj.edu.pl,rarely,,,2,
226,smaker.pl,rarely,,,1,
227,kurnik.pl,rarely,,,1,
228,mozilla.org,rarely,,,1,
229,wosp.org.pl,rarely,,,2,
230,nk.pl,rarely,,,1,
231,medonet.pl,rarely,,,1,
232,meczyki.pl,rarely,,,1,
233,porn555.com,rarely,,,1,
234,dotpay.pl,rarely,,,1,
235,wargaming.net,rarely,,,1,
236,autocentrum.pl,rarely,narrow,,1,"cars, with some political info'"
237,styl.pl,rarely,narrow,,1,fashion
238,pclab.pl,rarely,narrow,,1,"IT, also some politicla info"
239,ryanair.com,rarely,,,1,
240,badoo.com,rarely,,,1,
241,zara.com,rarely,,,1,
242,dziennikzachodni.pl,potentially,general,newsreg,1,
243,livejournal.com,rarely,,,1,
244,polskieradio.pl,mostly,general,newsnat,1,
245,genius.com,rarely,,,1,
246,homebook.pl,rarely,,,1,
247,decathlon.pl,rarely,,,1,
248,inteligo.pl,rarely,,,1,
249,researchgate.net,rarely,,,1,
250,gfycat.com,rarely,,,1,
251,udemy.com,rarely,,,1,
252,newsweek.pl,mostly,general,newsnat,1,
253,pikabu.ru,rarely,,,1,
254,bing.com,rarely,,,1,
255,maxmodels.pl,rarely,,,1,
256,efortuna.pl,rarely,,,1,
257,poradnikprzedsiebiorcy.pl,rarely,narrow,,1,"business advice, also some political info"
258,bbc.com,rarely,,,1,
259,tipchasers.com,rarely,,,1,
260,raiffeisenpolbank.com,rarely,,,1,
261,bryk.pl,rarely,,,1,
262,zbiornik.com,rarely,,,1,
263,echodnia.eu,potentially,general,newsreg,1,
264,t-mobile.pl,rarely,,,1,
265,alltube.pl,rarely,,,1,
266,jooble.org,rarely,,,1,
267,akamaized.net,rarely,,,1,
268,agh.edu.pl,rarely,,,2,
269,zus.pl,rarely,,,1,
270,kinogo.cc,rarely,,,1,
271,youporn.com,rarely,,,1,
272,ebay.pl,rarely,,,1,
273,twojapogoda.pl,rarely,,,1,
274,bonprix.pl,rarely,,,1,
275,eska.pl,rarely,general,newsnat,1,
276,speedtest.pl,rarely,,,1,
277,myanimelist.net,rarely,,,1,
278,bodelen.com,rarely,,,1,
279,leroymerlin.pl,rarely,,,1,
280,pw.edu.pl,rarely,,,2,
281,vider.info,rarely,,,1,
282,parenting.pl,rarely,narrow,,1,"parenting, with some political info (e.g., about social security for families)"
283,bm.pl,rarely,,,1,
284,nczas.com,mostly,general,newsnat,1,
285,duckduckgo.com,rarely,,,1,
286,tvn.pl,mostly,general,newsnat,1,
287,gazetaprawna.pl,mostly,general,newsnat,1,
288,pebx.pl,rarely,,,1,
289,siteadvisor.com,rarely,,,1,
290,quora.com,rarely,,,1,
291,wroclaw.pl,potentially,general,newsreg,1,
292,domodi.pl,rarely,,,1,
293,userapi.com,rarely,,,1,
294,worldoftanks.eu,rarely,,,1,
295,goldenline.pl,rarely,,,1,
296,pogodynka.pl,rarely,,,1,
297,glosbe.com,rarely,,,1,
298,opole.pl,potentially,general,newsreg,1,
299,gowork.pl,rarely,,,1,
300,skyscanner.pl,rarely,,,1,
301,dziennik.pl,mostly,general,newsnat,1,
302,gidonline.in,rarely,,,1,
303,cinema-city.pl,rarely,,,1,
304,muratordom.pl,rarely,,,1,
305,zapmeta.com.pl,rarely,,,2,
306,mistrzowie.org,rarely,general,satire,1,memes and jokes
307,a63t9o1azf.com,rarely,,,1,
308,sejm.gov.pl,rarely,general,gov,2,
309,fishki.pl,rarely,,,1,
310,speedtest.net,rarely,,,1,
311,gazetakrakowska.pl,potentially,general,newsreg,1,
312,lento.pl,rarely,,,1,
313,rmf24.pl,mostly,general,newsnat,1,
314,alltube.tv,rarely,,,1,
315,dorzeczy.pl,mostly,general,newsnat,1,
316,mgsm.pl,rarely,,,1,
317,mega.nz,rarely,,,1,
318,pz.gov.pl,rarely,narrow,gov,2,
319,banggood.com,rarely,,,1,
320,leagueoflegends.com,rarely,,,1,
321,kwestiasmaku.com,rarely,,,1,
322,tauron.pl,rarely,,,1,
323,mobile.de,rarely,,,1,
324,dailymotion.com,rarely,,,1,
325,credit-agricole.pl,rarely,,,1,
326,telegram.org,rarely,,,1,
327,w3schools.com,rarely,,,1,
328,fotka.com,rarely,,,1,
329,pwr.edu.pl,rarely,,,2,
330,forgeofempires.com,rarely,,,1,
331,upc.pl,rarely,,,1,
332,wizaz.pl,rarely,,,1,
333,sjp.pl,rarely,,,1,
334,i.ua,rarely,,,1,
335,agusiq-torrents.pl,rarely,,,1,
336,noizz.pl,potentially,general,newsnat,1,mostly social issues
337,amazon.co.uk,rarely,,,2,
338,humblebundle.com,rarely,,,1,
339,amazonaws.com,rarely,,,1,
340,beeg.com,rarely,,,1,
341,etsy.com,rarely,,,1,
342,skyscrapercity.com,rarely,,,1,
343,1337x.to,rarely,,,1,
344,openload.co,rarely,,,1,
345,emag.pl,rarely,,,1,
346,praca.gov.pl,rarely,,,2,
347,shutterstock.com,rarely,,,1,
348,nocowanie.pl,rarely,,,1,
349,samsung.com,rarely,,,1,
350,forbes.pl,mostly,general,newsnat,1,
351,amu.edu.pl,rarely,narrow,interest,2,university site
352,trello.com,rarely,,,1,
353,tvn24bis.pl,mostly,narrow,newsnat,1,
354,cyfrowypolsat.pl,rarely,,,1,
355,ideabank.pl,rarely,,,1,
356,dpd.com.pl,rarely,,,2,
357,synonim.net,rarely,,,1,
358,op.gg,rarely,,,1,
359,smyk.com,rarely,,,1,
360,instalki.pl,rarely,,,1,
361,uni.lodz.pl,rarely,narrow,interest,2,university site
362,getinbank.pl,rarely,,,1,
363,paczkomaty.pl,rarely,,,1,
364,google.de,rarely,,,1,
365,utorrent.com,rarely,,,1,
366,antyweb.pl,rarely,,,1,
367,ipla.tv,rarely,,,1,
368,pomorska.pl,potentially,general,newsreg,1,
369,thouth.net,rarely,,,1,
370,multikino.pl,rarely,,,1,
371,vice.com,rarely,,,1,
372,kinogo.by,rarely,,,1,
373,lowcygier.pl,rarely,,,1,
374,aptekagemini.pl,rarely,,,1,
375,sadistic.pl,rarely,general,satiric,1,
376,babla.ru,rarely,,,1,
377,gofin.pl,rarely,narrow,,1,taxes
378,eset.com,rarely,,,1,
379,ms.gov.pl,rarely,narrow,gov,2,
380,g2a.com,rarely,,,1,
381,onlinevideoconverter.com,rarely,,,1,
382,europa.eu,rarely,,,1,
383,canva.com,rarely,,,1,
384,mfiles.pl,rarely,,,1,
385,medium.com,rarely,,,1,
386,pgnig.pl,rarely,narrow,,1,"industry, construction, also some poltical "
387,vova.com,rarely,,,1,
388,groupon.pl,rarely,,,1,
389,efilmy.tv,rarely,,,1,
390,indeed.com,rarely,,,1,
391,doublepimpssl.com,rarely,,,1,
392,dailyholics.com,rarely,,,1,
393,p.lodz.pl,rarely,narrow,interest,2,
394,behance.net,rarely,,,1,
395,rozetka.com.ua,rarely,,,2,
396,wizzair.com,rarely,,,1,
397,pinimg.com,rarely,,,1,
398,naekranie.pl,rarely,,,1,
399,tokfm.pl,mostly,general,newsnat,1,
400,baskino.me,rarely,,,1,
401,jf71qh5v14.com,rarely,,,1,
402,myscore.com.ua,rarely,,,2,
403,plus.pl,rarely,,,1,
404,2dayonlinenews.com,rarely,,,1,
405,digitaldsp.com,rarely,,,1,
406,oglaszamy24.pl,rarely,,,1,
407,ncplusgo.pl,rarely,,,1,
408,ulub.pl,rarely,,,1,
409,theguardian.com,rarely,,,1,
410,pons.com,rarely,,,1,
411,polsatnews.pl,mostly,general,newsnat,1,
412,antyradio.pl,potentially,general,newsnat,1,
413,e-podroznik.pl,rarely,,,1,
414,ex-torrenty.org,rarely,,,1,
415,docplayer.pl,rarely,,,1,
416,morizon.pl,rarely,,,1,
417,animezone.pl,rarely,,,1,
418,elvenar.com,rarely,,,1,
419,rmfon.pl,potentially,general,newsnat,1,
420,luxmed.pl,rarely,,,1,
421,pikio.pl,potentially,general,newsnat,1,
422,blox.pl,rarely,,,1,
423,fanserials.mobi,rarely,,,1,
424,sourceforge.net,rarely,,,1,
425,kafeteria.pl,rarely,general,,1,"womens magazine, some political info"
426,wprost.pl,mostly,general,newsnat,1,
427,livescore.com,rarely,,,1,
428,interia.tv,potentially,general,newsnat,1,
429,polityka.pl,mostly,general,newsreg,1,
430,oleole.pl,rarely,,,1,
431,dziennikwschodni.pl,potentially,general,newsreg,1,
432,obi.pl,rarely,,,1,
433,helios.pl,rarely,,,1,
434,cda-hd.cc,rarely,,,1,
435,wsb.pl,rarely,,,1,
436,pcworld.pl,rarely,narrow,,1,"IT, PC with some politicla info"
437,cdaction.pl,rarely,,,1,
438,krs-online.com.pl,rarely,,,2,
439,cambridge.org,rarely,,,1,
440,twimg.com,rarely,,,1,
441,nestbank.pl,rarely,,,1,
442,gloswielkopolski.pl,potentially,general,newsreg,1,
443,praca.pl,rarely,,,1,
444,2conv.com,rarely,,,1,
445,itaka.pl,rarely,,,1,
446,android.com.pl,rarely,,,2,
447,coub.com,rarely,,,1,
448,e-pity.pl,rarely,,,1,
449,fronda.pl,potentially,general,newsnat,1,
450,moto.pl,rarely,,,1,
451,gameforge.com,rarely,,,1,
452,uni.wroc.pl,rarely,narrow,interest,2,university site
453,yts.am,rarely,,,1,
454,gdansk.pl,mostly,general,newsreg,1,
455,airbnb.pl,rarely,,,1,
456,ecard.pl,rarely,,,1,
457,ekinomaniak.tv,rarely,,,1,
458,discogs.com,rarely,,,1,
459,mediafire.com,rarely,,,1,
460,salon24.pl,mostly,general,newsnat,1,
461,zalando-lounge.pl,rarely,,,1,
462,umk.pl,rarely,narrow,interest,1,university site
463,rutor.info,rarely,,,1,
464,savefrom.net,rarely,,,1,
465,yourporn.sexy,rarely,,,1,
466,wattpad.com,rarely,,,1,
467,ebay.co.uk,rarely,,,2,
468,deon.pl,potentially,general,newsnat,1,
469,dziennikbaltycki.pl,potentially,general,newsreg,1,
470,edupage.org,rarely,,,1,
471,uafilm.tv,rarely,,,1,
472,fly4free.pl,rarely,,,1,
473,playstation.com,rarely,,,1,
474,wirtualnemedia.pl,rarely,narrow,,1,"media, some poltiicla info"
475,podatki.gov.pl,rarely,narrow,gov,2,
476,vinted.pl,rarely,,,1,
477,rapidu.net,rarely,,,1,
478,panoramafirm.pl,rarely,,,1,
479,jeja.pl,rarely,general,satiric,1,
480,cba.pl,rarely,,,1,
481,prom.ua,rarely,,,1,
482,rossmann.pl,rarely,,,1,
483,telewizjarepublika.pl,mostly,general,newsnat,1,
484,browsergames2018.com,rarely,,,1,
485,privatbank.ua,rarely,,,1,
486,purepc.pl,rarely,,,1,
487,taniaksiazka.pl,rarely,,,1,
488,tut.by,rarely,,,1,
489,yandex.by,rarely,,,1,
490,ztm.waw.pl,rarely,narrow,gov,2,public transport in warsaw
491,wylecz.to,rarely,narrow,,1,health
492,docer.pl,rarely,,,1,
493,exoclick.com,rarely,,,1,
494,rmf.fm,mostly,general,newsnat,1,
495,nto.pl,potentially,general,newsreg,1,
496,worldoftanks.ru,rarely,,,1,
497,webcamera.pl,rarely,,,1,
498,hclips.com,rarely,,,1,
499,onliner.by,rarely,,,1,
500,yespornplease.com,rarely,,,1,
501,cobalten.com,rarely,,,1,
502,feedly.com,rarely,,,1,
503,cdninstagram.com,rarely,,,1,
504,freepik.com,rarely,,,1,
505,accuweather.com,rarely,,,1,
506,mazowieckie.pl,potentially,general,gov,1,
507,samequizy.pl,rarely,,,1,
508,bbc.co.uk,rarely,,,2,
509,gog.com,rarely,,,1,
510,mobidziennik.pl,rarely,narrow,,1,NOT POLITICAL
511,nih.gov,rarely,narrow,gov,1,
512,gadzetomania.pl,rarely,,,1,
513,sts.pl,rarely,,,1,
514,sfd.pl,rarely,,,1,
515,atlassian.net,rarely,,,1,
516,motofakty.pl,rarely,narrow,,1,"Cars, sometimes political info"
517,matematyka.pisz.pl,rarely,,,2,
518,mohito.com,rarely,,,1,
519,epuap.gov.pl,rarely,narrow,gov,2,
520,zippyshare.com,rarely,,,1,
521,whatsapp.com,rarely,,,1,
522,opensubtitles.org,rarely,,,1,
523,artstation.com,rarely,,,1,
524,ug.edu.pl,rarely,narrow,interest,2,university site
525,pcformat.pl,rarely,narrow,,1,"computeres, rarely political info"
526,xda-developers.com,rarely,,,1,
527,spankbang.com,rarely,,,1,
528,clckads.org,rarely,,,1,
529,szkolnictwo.pl,rarely,narrow,,1,education
530,warszawa.pl,potentially,general,newsreg,1,
531,4pda.ru,rarely,,,1,
532,ceidg.gov.pl,rarely,,,2,
533,militaria.pl,rarely,,,1,
534,esky.pl,rarely,,,1,
535,drive2.ru,rarely,,,1,
536,nowiny24.pl,potentially,general,newsreg,1,
537,put.poznan.pl,rarely,narrow,interest,2,university site
538,poranny.pl,potentially,general,newsreg,1,
539,iperfumy.pl,rarely,,,1,
540,sputniknews.com,rarely,,,1,
541,umcs.pl,rarely,narrow,interest,1,university site
542,mobafire.com,rarely,,,1,
543,redd.it,rarely,general,social,1,
544,archive.org,rarely,,,1,
545,sgh.waw.pl,rarely,narrow,interest,2,university site
546,www.gov.pl,rarely,narrow,gov,2,
547,oath.com,rarely,,,1,
548,synonimy.pl,rarely,,,1,
549,notatek.pl,rarely,,,1,
550,reallifecam.com,rarely,,,1,
551,49oa3o49b6.com,rarely,,,1,
552,orsay.com,rarely,,,1,
553,habr.com,rarely,,,1,
554,pathofexile.com,rarely,,,1,
555,citibankonline.pl,rarely,,,1,
556,nexusmods.com,rarely,,,1,
557,hp.com,rarely,,,1,
558,epoznan.pl,potentially,general,newsreg,1,
559,oferteo.pl,rarely,,,1,
560,stat.gov.pl,rarely,narrow,gov,2,
561,tui.pl,rarely,,,1,
562,eurogamer.pl,rarely,,,1,
563,napiprojekt.pl,rarely,,,1,
564,tesco.pl,rarely,,,1,
565,zooplus.pl,rarely,,,1,
566,urbandictionary.com,rarely,,,1,
567,vistula.edu.pl,rarely,narrow,interest,2,university site
568,asus.com,rarely,,,1,
569,lolesports.com,rarely,,,1,
570,msi.com,rarely,,,1,
571,rutube.ru,rarely,,,1,
572,pzu.pl,rarely,narrow,,1,
573,hltv.org,rarely,,,1,
574,gotporn.com,rarely,,,1,
575,fileshark.pl,rarely,,,1,
576,szkolnastrona.pl,rarely,,,1,
577,weszlo.com,rarely,narrow,,1,"soccer, rarely politics"
578,flickr.com,rarely,,,1,
579,cke.gov.pl,rarely,narrow,gov,2,
580,nfz.gov.pl,rarely,narrow,gov,2,
581,interviewme.pl,rarely,,,1,
582,allani.pl,rarely,,,1,
583,ask.com,rarely,,,1,
584,yr.no,rarely,,,1,
585,rambler.ru,rarely,,,1,
586,prezi.com,rarely,,,1,
587,przyslijprzepis.pl,rarely,,,1,
588,90minut.pl,rarely,,,1,
589,patreon.com,rarely,,,1,
590,igg-games.com,rarely,,,1,
591,fora.pl,rarely,general,,1,"an internet forum, sometimes politics"
592,45eijvhgj2.com,rarely,,,1,
593,kalbi.pl,rarely,,,1,
594,answear.com,rarely,,,1,
595,popcash.net,rarely,,,1,
596,zezoomglobal.com,rarely,,,1,
597,komorkomania.pl,rarely,narrow,,1,"tech and cell phones, new products, v rarely politics"
598,skype.com,rarely,,,1,
599,wakacje.pl,rarely,,,1,
600,ria.com,rarely,,,1,
601,obywatel.gov.pl,rarely,narrow,gov,2,
602,edziecko.pl,rarely,narrow,,1,"children, sometimes politics"
603,friv.com,rarely,,,1,
604,pit.pl,rarely,narrow,,1,taxes
605,slack.com,rarely,,,1,
606,medicover.pl,rarely,narrow,,1,"health insurance, not political "
607,spotscenered.info,rarely,,,1,
608,zaq2.pl,rarely,,,1,
609,exdynsrv.com,rarely,,,1,
610,showmax.com,rarely,,,1,
611,flixbus.pl,rarely,,,1,
612,sinoptik.ua,rarely,,,1,
613,pornokrol.com,rarely,,,1,
614,futbin.com,rarely,,,1,
615,bonito.pl,rarely,,,1,
616,nitro.to,rarely,,,1,
617,matematyka.pl,rarely,,,1,
618,jysk.pl,rarely,,,1,
619,worldofwarships.eu,rarely,,,1,
620,sinsay.com,rarely,,,1,
621,moviestarplanet.pl,rarely,,,1,
622,taniomania.pl,rarely,,,1,
623,pkt.pl,rarely,,,1,
624,innpoland.pl,potentially,narrow,newsnat,1,
625,oracle.com,rarely,,,1,
626,ifirma.pl,rarely,,,1,
627,realmadryt.pl,rarely,,,1,
628,blablacar.pl,rarely,,,1,
629,infozdrowie24.pl,rarely,narrow,,1,"health, sometimes politics"
630,forsal.pl,potentially,narrow,newsnat,1,
631,perfectgirls.net,rarely,,,1,
632,egospodarka.pl,potentially,narrow,newsnat,1,
633,pixabay.com,rarely,,,1,
634,ppe.pl,rarely,,,1,
635,epicgames.com,rarely,,,1,
636,pg.edu.pl,potentially,general,interest,2,university site
637,infakt.pl,rarely,,,1,
638,gg.pl,rarely,,,1,
639,transfermarkt.pl,rarely,,,1,
640,nowaera.pl,rarely,narrow,,1,"about education, sometimes political"
641,lot.com,rarely,,,1,
642,ka.edu.pl,rarely,narrow,interest,2,university site
643,lifehacker.ru,rarely,,,1,
644,pwr.wroc.pl,rarely,,,2,
645,energa.pl,rarely,,,1,
646,greatdexchange.com,rarely,,,1,
647,coinmarketcap.com,rarely,,,1,
648,imged.pl,rarely,,,1,
649,fakturownia.pl,rarely,,,1,
650,wot-life.com,rarely,,,1,
651,rpgmasterleague.com,rarely,,,1,
652,nike.com,rarely,,,1,
653,gazetalubuska.pl,potentially,general,newsreg,1,
654,alibaba.com,rarely,,,1,
655,faktopedia.pl,rarely,general,,1,"general facts, trivia, "
656,filmitorrent.org,rarely,,,1,
657,gwo.pl,rarely,narrow,,1,"webite of an educational publisher, sometimes political about edu"
658,last.fm,rarely,,,1,
659,swps.edu.pl,rarely,narrow,interest,2,university site
660,arslege.pl,rarely,narrow,,1,"law, preparing for law carreer, not political"
661,ea.com,rarely,,,1,
662,academia.edu,rarely,,,1,
663,agatameble.pl,rarely,,,1,
664,dogry.pl,rarely,,,1,
665,softonic.com,rarely,,,1,
666,filmix.co,rarely,,,1,
667,mf.gov.pl,rarely,narrow,gov,2,
668,stooq.pl,rarely,narrow,,1,stock market info
669,viber.com,rarely,,,1,
670,kul.pl,rarely,narrow,interest,1,university site
671,neonet.pl,rarely,,,1,
672,ncplus.pl,rarely,,,1,
673,wynagrodzenia.pl,rarely,,,1,
674,nieruchomosci-online.pl,rarely,,,1,
675,expressilustrowany.pl,mostly,general,newsnat,1,
676,party.pl,rarely,narrow,,1,"celebrities, v rarely poltiical"
677,wnp.pl,potentially,narrow,newsnat,1,
678,football.ua,rarely,,,1,
679,prnt.sc,rarely,,,1,
680,vorek.pl,rarely,,,1,
681,housebrand.com,rarely,,,1,
682,eurobank.pl,rarely,,,1,
683,horizon.tv,rarely,,,1,
684,ang.pl,rarely,,,1,
685,popularne.pl,rarely,narrow,,1,"general information, "
686,adme.ru,rarely,,,1,
687,eszkola.pl,rarely,,,1,
688,deccoria.pl,rarely,,,1,
689,ebay.de,rarely,,,1,
690,payback.pl,rarely,,,1,
691,miejski.pl,rarely,,,1,
692,doubleclick.net,rarely,,,1,
693,ficbook.net,rarely,,,1,
694,bp.blogspot.com,rarely,,,2,
695,dzienniklodzki.pl,potentially,general,newsreg,1,
696,ultimate-guitar.com,rarely,,,1,
697,us.edu.pl,rarely,narrow,interest,2,university site
698,poboczem.pl,rarely,narrow,,1,cars
699,gamespot.com,rarely,,,1,
700,4f.com.pl,rarely,,,2,
701,heavymetalmachines.com,rarely,,,1,
702,wfirma.pl,rarely,,,1,
703,lex.pl,rarely,,,1,
704,etutor.pl,rarely,,,1,
705,chess.com,rarely,,,1,
706,slideshare.net,rarely,,,1,
707,trovit.pl,rarely,,,1,
708,prawo.pl,rarely,narrow,,1,law
709,uek.krakow.pl,rarely,narrow,interest,2,university site
710,ofeminin.pl,rarely,narrow,,1,"health, sometimes politics"
711,telepolis.pl,rarely,,,1,
712,cdnondemand.org,rarely,,,1,
713,hdzog.com,rarely,,,1,
714,pjwstk.edu.pl,rarely,,,2,
715,doublepimp.com,rarely,,,1,
716,dhl.com.pl,rarely,,,2,
717,playground.ru,rarely,,,1,
718,archiveofourown.org,rarely,,,1,
719,e-wsb.pl,rarely,,,1,
720,kinogo2.cc,rarely,,,1,
721,pizzaportal.pl,rarely,,,1,
722,dailymail.co.uk,rarely,,,2,
723,r.pl,rarely,,,1,
724,poznan.uw.gov.pl,rarely,narrow,gov,3,
725,depositphotos.com,rarely,,,1,
726,travelplanet.pl,rarely,,,1,
727,privat24.ua,rarely,,,1,
728,dlanauczyciela.pl,rarely,,,1,
729,scribd.com,rarely,,,1,
730,lidl-flyer.com,rarely,,,1,
731,autodesk.com,rarely,,,1,
732,flagma.pl,rarely,,,1,
733,rapidgator.net,rarely,,,1,
734,policja.gov.pl,rarely,narrow,gov,2,police 
735,ebilet.pl,rarely,,,1,
736,blogger.com,rarely,,,1,
737,zmianynaziemi.pl,rarely,narrow,,1,"fake news, conspiracy, dinosaurs in china"
738,pkp.pl,rarely,,,1,
739,cloudfront.net,rarely,,,1,
740,cropp.com,rarely,,,1,
741,zumi.pl,rarely,,,1,
742,pekaobiznes24.pl,rarely,,,1,
743,goodreads.com,rarely,,,1,
744,plusgsm.pl,rarely,,,1,
745,odrabiamy.pl,rarely,,,1,
746,wowhead.com,rarely,,,1,
747,chamsko.pl,rarely,general,satire,1,
748,search-pl.com,rarely,,,1,
749,oko.press,potentially,general,newsnat,1,
750,pornq.com,rarely,,,1,
751,gk24.pl,potentially,general,newsreg,1,
752,erecruiter.pl,rarely,,,1,
753,warszawawpigulce.pl,rarely,narrow,,1,info about warssaw
754,netia.pl,rarely,,,1,
755,zrzutka.pl,rarely,,,1,
756,dell.com,rarely,,,1,
757,office365.com,rarely,,,1,
758,kinoprofi.org,rarely,,,1,
759,bitbucket.org,rarely,,,1,
760,fotoblogia.pl,rarely,,,1,
761,pornpics.com,rarely,,,1,
762,bershka.com,rarely,,,1,
763,tlen.pl,potentially,general,newsnat,1,
764,pap.pl,mostly,general,newsnat,1,
765,defence24.pl,potentially,narrow,newsnat,1,
766,instaling.pl,rarely,,,1,
767,ppy.sh,rarely,,,1,
768,lm.pl,potentially,general,newsreg,1,
769,tabletowo.pl,rarely,,,1,
770,fbsbx.com,rarely,,,1,
771,weeb.tv,rarely,,,1,
772,icm.edu.pl,rarely,narrow,interest,2,university site
773,patronite.pl,rarely,,,1,
774,merlin.pl,rarely,,,1,
775,wordpress.org,rarely,,,1,
776,sephora.pl,rarely,,,1,
777,yadi.sk,rarely,,,1,
778,vectra.pl,rarely,,,1,
779,infopraca.pl,rarely,,,1,
780,pk.edu.pl,rarely,narrow,interest,2,university site
781,pastebin.com,rarely,,,1,
782,parimatch.com,rarely,,,1,
783,forumprawne.org,rarely,narrow,social,1,online forum about law
784,google.by,rarely,,,1,
785,nasze-kino.tv,rarely,,,1,
786,pch24.pl,potentially,general,newsnat,1,
787,edux.pl,rarely,,,1,
788,polsl.pl,rarely,narrow,interest,1,
789,download.net.pl,rarely,,,2,
790,tsn.ua,rarely,,,1,
791,duolingo.com,rarely,,,1,
792,bandcamp.com,rarely,,,1,
793,yummyanime.com,rarely,,,1,
794,korrespondent.net,rarely,,,1,
795,nbp.pl,rarely,narrow,interest,1,"national bank, v rarely poltics"
796,oponeo.pl,rarely,,,1,
797,geekweek.pl,rarely,narrow,,1,news from science and technology
798,kurierlubelski.pl,potentially,general,newsreg,1,
799,satkurier.pl,potentially,narrow,newsnat,1,
800,matemaks.pl,rarely,,,1,
801,jastrzabpost.pl,rarely,narrow,,1,"tabloid, celebrity"
802,fortnitepolska.pl,rarely,narrow,,1,"games, shopping"
803,atlassian.com,rarely,,,1,
804,4programmers.net,rarely,,,1,
805,born2be.pl,rarely,,,1,
806,mamotoja.pl,rarely,narrow,,1,"children, potentially politics"
807,wm.pl,potentially,general,newsreg,1,
808,sciencedirect.com,rarely,,,1,
809,njumobile.pl,rarely,,,1,
810,key-drop.pl,rarely,,,1,
811,files.wordpress.com,rarely,,,2,
812,dvhk.to,rarely,,,1,
813,diag.pl,rarely,,,1,
814,baselinker.com,rarely,,,1,
815,rdtrck2.com,rarely,,,1,
816,devil-torrents.pl,rarely,,,1,
817,skijumping.pl,rarely,narrow,,1,"sports, vv rarely politics"
818,bestadbid.com,rarely,,,1,
819,evernote.com,rarely,,,1,
820,battle.net,rarely,,,1,
821,polskatimes.pl,mostly,general,newsnat,1,
822,brw.pl,rarely,,,1,
823,thingiverse.com,rarely,,,1,
824,pravda.com.ua,rarely,,,2,
825,aboutyou.pl,rarely,,,1,
826,animevost.org,rarely,,,1,
827,ccleaner.com,rarely,,,1,
828,riotgames.com,rarely,,,1,
829,anime-odcinki.pl,rarely,,,1,
830,avast.com,rarely,,,1,
831,ign.com,rarely,,,1,
832,upornia.com,rarely,,,1,
833,ask.fm,rarely,,,1,
834,poe.trade,rarely,,,1,
835,nextoptim.com,rarely,,,1,
836,eporner.com,rarely,,,1,
837,kozaczek.pl,rarely,narrow,,1,"celebrity, v rarely politics"
838,nvidia.com,rarely,,,1,
839,ujarani.com,rarely,general,satire,1,
840,nhentai.net,rarely,,,1,
841,1plus1.ua,rarely,,,1,
842,unsplash.com,rarely,,,1,
843,ex-fs.net,rarely,,,1,
844,quizlet.com,rarely,,,1,
845,botland.com.pl,rarely,,,2,
846,aszdziennik.pl,potentially,general,satire,1,"a lot of fake news (absurd funny), quite well respected because it comments on teh current political situation"
847,kp.ru,rarely,,,1,
848,gs24.pl,potentially,general,newsreg,1,
849,flvto.biz,rarely,,,1,
850,pornoorzel.com,rarely,,,1,
851,youjizz.com,rarely,,,1,
852,biznes.gov.pl,rarely,narrow,gov,2,
853,ergohestia.pl,rarely,,,1,
854,piekielni.pl,rarely,general,satire,1,
855,geoportal.gov.pl,rarely,narrow,gov,2,
856,wysokieobcasy.pl,potentially,narrow,newsnat,1,
857,fabrykasily.pl,rarely,,,1,
858,fcbarca.com,rarely,,,1,
859,wikihow.com,rarely,,,1,
860,kreskowkazone.pl,rarely,,,1,
861,home-nav.com,rarely,,,1,
862,electro.pl,rarely,,,1,
863,domiporta.pl,rarely,,,1,
864,tradingview.com,rarely,,,1,
865,weebly.com,rarely,,,1,
866,e-prawnik.pl,rarely,narrow,,1,"law, v rarely politics"
867,pudelekx.pl,rarely,narrow,,1,"celebrity, v rarley politics"
868,24tv.ua,rarely,,,1,
869,boardgamegeek.com,rarely,,,1,
870,login.gov.pl,rarely,narrow,gov,2,
871,ria.ru,rarely,,,1,
872,intel.com,rarely,,,1,
873,citibank.pl,rarely,,,1,
874,eholiday.pl,rarely,,,1,
875,addiliate.com,rarely,,,1,
876,avaaz.org,potentially,general,,1,petitions
877,tpay.com,rarely,,,1,
878,optyczne.pl,rarely,,,1,
879,progman.pl,rarely,,,1,
880,gsmmaniak.pl,rarely,,,1,
881,margonem.pl,rarely,,,1,
882,cyfrowe.pl,rarely,,,1,
883,superstacja.tv,mostly,general,newsnat,1,
884,santanderconsumer.pl,rarely,,,1,
885,niedziela.nl,rarely,narrow,,1,for poles in the netherlands
886,wolterskluwer.pl,rarely,narrow,,1,"tech, IT, hacking"
887,lostfilm.tv,rarely,,,1,
888,champion.gg,rarely,,,1,
889,carrefour.pl,rarely,,,1,
890,electro-torrent.pl,rarely,,,1,
891,opineo.pl,rarely,,,1,
892,ups.com,rarely,,,1,
893,endomondo.com,rarely,,,1,
894,probuilds.net,rarely,,,1,
895,sfgame.pl,rarely,,,1,
896,academic.ru,rarely,,,1,
897,majoritishbettes.info,rarely,,,1,
898,meta.ua,rarely,,,1,
899,toyota.pl,rarely,,,1,
900,cnet.com,rarely,,,1,
901,faceit.com,rarely,,,1,
902,gazetki-promocyjne.net.pl,rarely,,,2,
903,webd.pl,rarely,,,1,
904,lublin112.pl,potentially,narrow,newsreg,1,
905,new-rutor.org,rarely,,,1,
906,auto.com.pl,rarely,,,2,
907,liquipedia.net,rarely,,,1,
908,upwork.com,rarely,,,1,
909,zbiornik.tv,rarely,,,1,
910,porn.com,rarely,,,1,
911,pollub.pl,rarely,narrow,interest,1,university site
912,wikiwand.com,rarely,,,1,
913,hdlava.me,rarely,,,1,
914,wixsite.com,rarely,,,1,
915,google.co.uk,rarely,,,2,
916,metropoliaztm.pl,rarely,narrow,gov,1,public transport
917,fellow.pl,rarely,,,1,
918,dhl24.com.pl,rarely,,,2,
919,ubi.com,rarely,,,1,
920,yandex.com,rarely,,,1,
921,niebezpiecznik.pl,rarely,,,1,
922,siepomaga.pl,rarely,,,1,
923,liveleak.com,rarely,,,1,
924,proline.pl,rarely,,,1,
925,helltorrents.com,rarely,,,1,
926,windy.com,rarely,,,1,
927,adidas.pl,rarely,,,1,
928,expressbydgoski.pl,potentially,general,newsreg,1,
929,nba.com,rarely,,,1,
930,duw.pl,potentially,general,gov,1,
931,vacaneedasap.com,rarely,,,1,
932,serialeonline.pl,rarely,,,1,
933,pocztowy24.pl,rarely,,,1,
934,mojewypieki.com,rarely,,,1,
935,lelang.ru,rarely,,,1,
936,tme.eu,rarely,,,1,
937,investing.com,rarely,,,1,
938,seriale.co,rarely,,,1,
939,ind1cate.com,rarely,,,1,
940,radiofm-online.com,rarely,,,1,
941,cinkciarz.pl,rarely,,,1,
942,gitlab.com,rarely,,,1,
943,softonic.pl,rarely,,,1,
944,blockstarplanet.com,rarely,,,1,
945,pollster.pl,rarely,,,1,
946,budujemydom.pl,rarely,narrow,,1,"construction, houses, but some poltiical articles, e.g. about smog"
947,analdin.com,rarely,,,1,
948,wsiz.rzeszow.pl,rarely,,,2,
949,wikibooks.org,rarely,,,1,
950,download-for.me,rarely,,,1,
951,t-mobilebankowe.pl,rarely,,,1,
952,futurenet.club,rarely,,,1,
953,ladnydom.pl,rarely,,,1,
954,turbobit.net,rarely,,,1,
955,uni.opole.pl,rarely,,,2,
956,slideplayer.pl,rarely,,,1,
957,mango.com,rarely,,,1,
958,wiedzoholik.pl,rarely,,,1,
959,metacritic.com,rarely,,,1,
960,adresowo.pl,rarely,,,1,
961,polsatsport.pl,rarely,narrow,,1,"sport, but potentially something political "
962,plemiona.pl,rarely,,,1,
963,flightradar24.com,rarely,,,1,
964,gandalf.com.pl,rarely,,,2,
965,smallpdf.com,rarely,,,1,
966,uwm.edu.pl,rarely,,,2,
967,jula.pl,rarely,,,1,
968,kinogo.eu,rarely,,,1,
969,force.com,rarely,,,1,
970,giphy.com,rarely,,,1,
971,aero2.net.pl,rarely,,,2,
972,gosc.pl,potentially,general,newsnat,1,"code conflict, Miriam based on Google Translate prefers ""potentially"" but maybe we should ask Magdalena to look"
973,rarbg.to,rarely,,,1,
974,torrentz2.eu,rarely,,,1,
975,asos.com,rarely,,,1,
976,c-and-a.com,rarely,,,1,
977,avon.com,rarely,,,1,
978,tarnow.pl,rarely,narrow,newsreg,1,
979,yandex.ua,rarely,,,1,
980,chillizet.pl,rarely,narrow,,1,"music radio, national"
981,biqle.ru,rarely,,,1,
982,furgonetka.pl,rarely,,,1,
983,pexels.com,rarely,,,1,
984,filmets.net,rarely,,,1,
985,obozrevatel.com,rarely,,,1,
986,mit.edu,rarely,,,1,
987,meteoprog.pl,rarely,,,1,
988,sat24.com,rarely,,,1,
989,ujk.edu.pl,rarely,,,2,
990,dziennikpolski24.pl,potentially,general,newsreg,1,
991,lenovo.com,rarely,,,1,
992,blue.pl,rarely,,,1,
993,jw.org,rarely,,,1,
994,pb.pl,potentially,narrow,newsnat,1,
995,wyborcza.biz,potentially,narrow,newsnat,1,
996,lublin.eu,rarely,narrow,newsreg,1,
997,travelist.pl,rarely,,,1,
998,klp.pl,rarely,,,1,
999,jetbrains.com,rarely,,,1,
1000,veryvoga.pl,rarely,,,1,